uf,AnoMes,cota_media_cm,cota_max_cm,cota_min_cm,n_estacoes,n_dias,anp_preco_diesel,anp_preco_diesel_s10,anp_preco_etanol,anp_preco_gasolina,anp_preco_gasolina_aditivada,anp_preco_glp,anp_preco_gnv,anp_regional_diesel,anp_regional_diesel_s10,anp_regional_etanol,anp_regional_gasolina,anp_regional_gasolina_aditivada,anp_regional_glp,anp_regional_gnv
AC,2021-01,970.9301075268817,1285.0,662.5,3,93,4.6868475,4.73294911014911,4.046467063492064,5.268687041003308,5.325441959706959,93.88618834933183,,4.0306359733326325,4.097938956139686,3.7384937237506044,4.625921550620133,4.808965417972832,88.52851175146742,3.49
AC,2021-02,1277.4583333333333,1708.0,932.0,3,84,4.966420471380471,5.004869421440073,4.208336635860484,5.652584589186888,5.739180429615852,98.53117883022774,,4.291450662890792,4.328450628671984,3.960660762727071,5.037741045228972,5.2083347710803025,91.32004320638964,3.58
AC,2021-03,1050.1290322580646,1368.0,708.0,3,93,5.495517105697498,5.516771572010446,5.382885668498169,6.306352769238277,6.371437441643324,103.44005042800238,,4.6877190869518675,4.669514060186385,4.568026111697581,5.536910938641759,5.712585496646497,94.50033443111917,3.83375
AC,2021-04,949.9277777777778,1246.0,718.0,3,90,5.414535159774436,5.440885308183103,5.514267156862745,6.405361445644149,6.434884712837838,104.92099899213073,,4.6696813114047515,4.6558130198640395,4.614922589886149,5.633851312342495,5.7963817138072065,96.05720961086935,3.815
AC,2021-05,448.39784946236557,904.0,244.0,3,93,5.720596565934065,5.754899947089948,5.670376349206349,6.551505491698594,6.589912709401709,105.60826811594202,,4.854627915487781,4.8665214125641105,4.802563915011602,5.645794709298926,5.805126393376977,96.49608289557258,3.724
AC,2021-06,286.3602941176471,479.0,187.5,3,68,5.758178766025641,5.792745337301588,5.818934640522876,6.57716933497537,6.612936401895206,106.48105472426124,,4.878190085067556,4.887618289259449,4.946633553332527,5.708289026224666,5.837269678788515,98.22401051638097,3.79
AC,2021-07,175.4784946236559,270.0,111.0,3,93,5.799059382284382,5.831547460212202,5.845988562091503,6.617801108374384,6.659755117753623,111.52424830604178,,4.966497903649048,4.967964334194116,5.133783768565031,5.9253351603672595,6.050995212885785,102.75194478710849,3.7900000000000005
AC,2021-08,144.15591397849462,182.0,97.0,3,93,5.816682734265735,5.850259981684982,5.914241962669683,6.692115300258034,6.742848824915825,112.87470885093167,,4.988971206026006,5.00485858462129,5.249374754745953,6.0347218698262735,6.170653159358516,104.33250525869244,3.9900000000000007
AC,2021-09,120.90555555555555,177.5,86.5,3,90,5.845862868589744,5.869783251231527,6.041693474264706,6.753568965517242,6.802014472934474,114.5163043478261,,5.102039313069069,5.115281527715343,5.381359082094376,6.162294643049819,6.2818001455348975,106.52942486168314,3.99
AC,2021-10,139.3978494623656,250.0,71.0,3,93,6.053354462792642,6.072050526819924,6.144821526472431,6.9055274014778325,6.956370886752137,116.82979249011858,,5.375066951587211,5.389165222987979,5.460207879059269,6.369576205834163,6.484618549265359,108.74949778296732,3.99
AC,2021-11,308.18333333333334,644.0,126.5,3,90,6.37217790821256,6.393357692307693,6.385387843137255,7.279305970625797,7.319983051282051,118.04545454545455,,5.717858227441429,5.7343282989836775,5.8476189174652,6.77119217146655,6.8964262736426365,110.73804681301439,4.140000000000001
AC,2021-12,774.0698924731183,1115.0,411.0,3,93,6.374946762820513,6.40223308930852,6.424510590277778,7.262145434227331,7.307982354375697,118.25,,5.727105326254257,5.744841585707837,5.941784242451399,6.7682862757217634,6.899221541622364,111.35750320670466,4.19
AC,2022-01,645.2956989247311,1117.5,304.5,3,93,6.449073835005575,6.470241143530799,6.381371802054155,7.259293979200876,7.312460826210827,118.35670995670996,,5.857857796840187,5.86844966425108,5.926692287940488,6.792801191706983,6.93487045292053,112.09407309896679,4.304
AC,2022-02,974.75,1388.5,594.5,3,84,6.508462606837607,6.531991728418452,6.331518032212886,7.188236453201971,7.237419871794872,118.29224308300395,,5.921371656057195,5.950386167834405,5.862254860516538,6.789842563558382,6.927185401363342,112.34528913858205,4.38
AC,2022-03,1021.1559139784946,1656.5,550.5,3,93,7.295264583333333,7.345703571428571,6.443923115079365,7.500010562713149,7.560916417378917,127.3475790513834,,6.739581876802739,6.777025501981705,5.9096396998621605,7.254108108616769,7.388010932509287,120.65760223507729,4.38
AC,2022-04,804.4777777777778,1758.0,290.0,3,90,7.614133653846154,7.684676769750046,6.550453125000001,7.629099137931034,7.70001858974359,131.0,,6.941865813157897,6.9908700494654035,6.044624105395281,7.386622750074068,7.531162789806389,124.04633601017042,4.38
AC,2022-05,297.02150537634407,668.0,182.0,3,93,7.878876666666668,7.939303398453399,6.569402012383901,7.738733251231527,7.788466387959867,130.49705383022774,,7.187006336776986,7.239562885824422,6.156721790946449,7.387959018796968,7.542921195868783,123.78013350759117,4.38
AC,2022-06,261.24444444444447,814.0,147.0,3,90,8.306947916666667,8.353355972730974,6.577672149122807,7.760532418810436,7.818159420289855,131.26528220873328,,7.577693947055666,7.625346649122147,6.06349719648851,7.404323545544602,7.555374421143998,123.69506918021912,4.38
AC,2022-07,158.4516129032258,235.5,106.0,3,93,8.435125568181817,8.475790263041556,5.916288135319918,6.691292685921996,6.752772727272728,130.3225543478261,,7.817077531763093,7.869336829450452,5.638382827529056,6.326994592112075,6.459933315573355,123.67293520078475,4.1899999999999995
AC,2022-08,148.00537634408602,226.0,99.0,3,93,8.16119027972028,8.189554016672982,5.407212207602339,6.204306403940887,6.256015445134576,129.2076416337286,,7.522607439537248,7.5735864379598725,5.099178622456158,5.684597274670895,5.811554853189994,122.57036898368366,3.9900000000000007
AC,2022-09,89.91111111111111,188.0,38.0,3,90,8.106,7.938974137931035,5.090277777777778,5.938810344827586,6.003782051282052,126.88043478260869,,7.106573179843043,7.170837338194363,4.596911148016227,5.224141214715941,5.372933961582764,121.31639598365929,3.99
AC,2022-10,151.58602150537635,356.0,39.0,3,93,7.443038383838383,7.483939393939394,4.212321428571428,5.299545454545455,5.366363636363636,124.50464798359535,,6.851533146257284,6.894129427936882,4.168690773520167,4.982590670945152,5.22214296143679,116.82996202336672,3.99
AC,2022-11,175.08333333333334,636.0,40.5,3,90,7.463229895104895,7.500641025641026,4.277930555555556,5.366593406593407,5.448857600732601,123.16969696969699,,6.940164722397682,6.982566509586614,4.230976542976962,5.050542970807889,5.203960325405906,118.10311139889839,4.140000000000001
AC,2022-12,445.21505376344084,910.0,148.5,3,93,7.44927738927739,7.490984848484849,4.313869047619048,5.378632478632479,5.463892773892774,122.56734006734007,,6.807809248905041,6.852269594629509,4.311574130901751,4.997070283810046,5.1630409546829865,120.42257880067409,4.19
AC,2023-01,788.505376344086,1048.0,561.0,3,93,7.222609848484849,7.2557386363636365,4.380875,5.291671245421245,5.376382575757576,120.38335428012849,,6.740677135903113,6.814928493961704,4.398142755510605,5.153704260991447,5.325261225144142,120.13989981633532,4.19
AC,2023-02,917.0595238095239,1230.0,619.5,3,84,7.19670412920413,7.22800283050283,4.813979591836735,5.8149999999999995,5.848855311355311,114.85837304496579,,6.498822787194913,6.569205849078703,4.393461571873226,5.311496940142796,5.493624336283186,120.8395740568898,4.19
AC,2023-03,956.263440860215,1825.0,461.5,3,93,7.117811355311355,7.143452380952381,4.829353741496599,6.356462585034014,6.386666666666666,121.00071022727273,,6.372120185074916,6.399591955803237,4.635525093499446,5.851294587837982,6.030203170880501,120.49055745642369,4.353750000000001
AC,2023-04,1044.4555555555555,1800.0,631.0,3,90,6.9342424242424245,6.972487179487179,4.609214285714286,6.263214285714285,6.297222222222222,120.48057487591431,,6.295801767370443,6.348222949420083,4.72075703532126,5.900284915229449,6.08126572154104,120.56134008565719,4.390000000000001
AC,2023-05,484.64516129032256,757.0,228.0,3,93,6.558968253968254,6.5127904040404045,4.93719387755102,6.348846153846154,6.392370129870129,119.53638257575759,,5.838927478655622,5.878195554434464,4.7690888589338645,5.822915189686482,5.995931741493122,120.29832813702733,4.15
AC,2023-06,251.6611111111111,611.0,87.5,3,90,6.246008522727273,6.298570436507936,4.984196428571429,6.233773809523809,6.273901862026862,116.11597257916813,,5.416394551751003,5.450143994497113,4.65106426987902,5.727668284076236,5.883390447189714,117.13838372490603,3.94
AC,2023-07,150.38172043010752,247.0,7.5,3,93,6.306812121212121,6.368511904761904,5.225,6.621928571428572,6.676179487179487,115.75935606060607,,5.370430265865164,5.390926474191413,4.799604529531013,5.98305665927424,6.122751425429042,115.76255174900434,4.49
AC,2023-08,103.50537634408602,221.5,12.0,3,93,6.777193181818182,6.856358225108226,5.258861607142857,6.876710164835165,6.918998397435898,115.43697916666666,,5.944851507879409,6.074199770622374,4.783516682014624,6.1986195973507,6.342633590233398,114.46732260494119,4.49
AC,2023-09,97.85,189.0,11.0,3,90,7.264577651515151,7.32583257020757,5.261210317460318,7.043650793650794,7.091115384615385,114.65722516730581,,6.434168756097023,6.5711895831845055,4.793178839920632,6.336100070194636,6.47814690485837,114.36652596368128,4.49
AC,2023-10,115.6989247311828,186.0,44.5,3,93,7.376507692307692,7.419218847818849,5.245476190476191,7.03725974025974,7.0842833333333335,116.30525578364288,,6.51677480574658,6.621889109426201,4.724265149603461,6.2670663271280205,6.417082808294796,115.762303729906,4.49
AC,2023-11,110.67777777777778,306.0,31.0,3,90,7.3903617424242425,7.440788836163836,5.249319444444445,7.034464285714286,7.079399038461538,116.51992424242425,,6.5632869605791555,6.621307060679303,4.632630806693727,6.218089401385495,6.363367583711688,117.20903185315386,4.49
AC,2023-12,379.98924731182797,827.0,64.0,3,93,7.3684102564102565,7.427850808913309,5.240861111111111,7.037922619047619,7.1220625,117.23374125874126,,6.444244768709533,6.4728441629777755,4.537545725108226,6.123453384066638,6.278462235564097,116.59191985898954,4.49
AC,2024-01,685.1075268817204,1180.0,316.0,3,93,7.449875524475525,7.483261155511156,5.230088888888889,7.027302197802198,7.087576923076924,116.98307814992026,,6.412370078425477,6.378402530939859,4.391963323132425,5.998390169260451,6.14151443466985,116.14958459623126,4.590000000000001
AC,2024-02,841.7732558139535,1682.0,298.0,3,86,7.5365164835164835,7.574514652014652,5.240579861111112,7.1554464285714285,7.2263862179487175,117.64646464646465,,6.412249590259324,6.37557601964898,4.365987821529246,6.119273918290201,6.2757659136558885,116.68388972000005,4.1775
AC,2024-03,811.5569620253165,1786.5,337.0,3,79,7.48637706043956,7.534434523809524,5.231597222222222,7.156919642857143,7.22625,118.1594696969697,,6.39654371293118,6.34915404620825,4.370262152443382,6.137267690204961,6.305956898638614,116.69104791108647,3.99
AC,2024-04,530.8666666666667,655.0,203.0,3,90,7.423166463166463,7.46010101010101,5.235416666666667,7.041017857142857,7.098197435897435,117.8405451694363,,6.363968666494209,6.323741006297792,4.43806753443751,6.19236794078012,6.350332350344203,116.77536132347363,4.59
AC,2024-05,364.68589743589746,660.0,148.0,3,78,7.344083791208791,7.377954545454545,5.166875,7.0649999999999995,7.110775058275058,117.30484532828282,,6.3299859486015615,6.321740716897096,4.488248099740668,6.2208028389147065,6.37040451234087,116.89991292190084,4.59
AC,2024-06,154.55113636363637,289.0,48.5,3,88,7.294179258241758,7.3219119942557445,5.048715277777777,7.097723214285714,7.156856060606061,117.50239898989899,,6.313981780944571,6.3120841716656075,4.488431768944704,6.244768353834772,6.377012595018437,117.47333878656505,4.59
AC,2024-07,99.87096774193549,185.0,21.0,3,93,7.4013928571428576,7.425069191919192,5.097043006993007,7.266678571428571,7.3344597069597075,116.84197226783434,,6.441519542884144,6.430511258683957,4.652694326733373,6.471229878107438,6.636318403145843,120.00772364529598,4.75
AC,2024-08,72.7,147.0,22.0,3,80,7.475476190476191,7.503122023809524,5.133276515151515,7.356651785714286,7.427427884615385,119.07022727272727,,6.489240558634817,6.466875287026475,4.79332772849577,6.579623653198653,6.782766920218776,120.31472409777254,4.99
AC,2024-09,81.87777777777778,140.0,35.0,3,90,7.4763714285714284,7.497280555555555,5.085433333333333,7.339889430014431,7.454917989417989,119.73273915626855,,6.457515265677611,6.4227171057248,4.768408351715705,6.541472028990843,6.754571975710908,120.9630432999123,4.99
AC,2024-10,113.54838709677419,350.0,30.0,3,93,7.572922077922078,7.6051550324675325,5.1290044191919195,7.440710164835165,7.506923493173493,122.05234593837535,,6.57493536637177,6.516772645736071,4.826704759198365,6.618372766502525,6.832296546654242,122.28040957654608,4.99
AC,2024-11,235.6,635.0,60.0,3,90,7.65875,7.681291666666667,5.307125,7.537375,7.5949583333333335,122.02432983682984,,6.549918533660599,6.538593525118612,4.86035097064394,6.672649176545632,6.8636691558763765,123.49145342827349,4.99
AC,2024-12,538.516129032258,1155.0,58.0,3,93,7.728746031746032,7.750749999999999,5.390625000000001,7.589745454545455,7.632900000000001,121.06666666666668,,6.672388799304218,6.606575806661903,4.919080161635807,6.723644914365953,6.916988660534296,123.69528431957274,4.99
AC,2025-01,480.1290322580645,805.0,228.0,3,93,7.5986666666666665,7.67097619047619,5.347358630952381,7.491333333333333,7.562347222222222,122.2948717948718,,6.650590133071402,6.601370632621297,4.924964161667292,6.697007502374886,6.883382754134766,119.90913470940586,4.99
AC,2025-02,811.077380952381,1192.5,258.0,3,84,7.873726190476191,7.9052291666666665,5.579461805555556,7.752090909090909,7.8185656565656565,122.65665934065935,,6.8830070210587735,6.833018051231025,5.090391115235887,6.857362855295131,7.034985897761595,119.87711506885239,5.24
AC,2025-03,1181.8763440860216,1689.5,705.5,3,93,7.974067063492063,8.015107142857143,5.689996825396825,7.864620454545454,7.921133333333333,124.80622710622711,,6.860038903615811,6.821643998013788,5.126541640580496,6.8289349786184586,7.0115959233513365,121.53577911342374,5.49
AC,2025-04,750.1555555555556,1107.0,402.5,3,90,7.971318027210884,8.013857142857143,5.724413265306123,7.870712739641312,7.957318027210884,124.7558869701727,,6.733979132023859,6.725599904023376,5.102830206742699,6.767935189859801,6.945026719416607,121.64522211324731,5.49
AC,2025-05,410.005376344086,885.5,170.0,3,93,7.872971655328798,7.929047619047618,5.65014739229025,7.8318659554730985,7.883611317254174,124.25457875457873,,6.643573668802928,6.608264904672824,5.07738056255382,6.722771095014045,6.900962333961987,122.57950346319167,5.49
AC,2025-06,178.96666666666667,332.0,73.5,3,90,7.878657142857142,7.922319047619046,5.65818253968254,7.820379870129871,7.892795238095237,123.10681318681317,,6.56088799557306,6.521483303805039,5.078330797831329,6.7096139321574215,6.87755384077029,121.30458815773027,5.49
AC,2025-07,107.83333333333333,202.0,29.0,3,93,7.8926145124716545,7.933326530612244,5.697800453514739,7.841651515151516,7.914061224489797,121.71794871794872,,6.553028559589331,6.514206061250524,5.070618805758678,6.695439880205311,6.891463578939997,123.64868300464288,5.49
AC,2025-08,83.34482758620689,160.0,18.0,3,87,7.889214285714286,7.9311122448979585,5.664880952380953,7.819265306122449,7.892095238095238,122.00603318250377,,6.530328443466202,6.468857183099171,5.039055307422705,6.636570685133185,6.849917610236576,123.18805028415673,4.890000000000001
AC,2025-09,85.21111111111111,254.0,18.0,3,90,7.774916666666666,7.813718253968253,5.613481481481482,7.717969135802469,7.780697530864198,121.90769230769233,,6.5028689771592285,6.4683528041683,5.091534731623417,6.672492451181762,6.8679418000002155,121.36520578742375,4.59
AC,2025-10,110.56989247311827,276.0,24.0,3,93,7.735841269841269,7.78079365079365,5.638857142857143,7.656190476190476,7.7161904761904765,122.6772575250836,,6.487165985951416,6.444526444242442,5.102605038370465,6.65542863297635,6.840468528583651,122.54010206329836,3.99
AC,2025-11,206.42777777777778,588.5,40.0,3,90,7.766107638888889,7.813482142857143,5.608826388888889,7.633569444444444,7.720159722222222,123.27445652173913,,6.5018023233328925,6.444222928182043,5.123789698364009,6.632575180645982,6.81570663470924,122.07278779495454,3.99
AC,2025-12,799.5967741935484,1537.0,280.5,3,93,7.752348484848485,7.79599537037037,5.6188518518518515,7.623745726495726,7.723132478632478,125.72463768115942,,6.505599624644593,6.464986883695109,5.164536908104061,6.673178774188017,6.8501758242953965,122.15009472319093,3.9900000000000007
AC,2026-01,1115.467741935484,1552.0,79.0,3,93,7.590159932659933,7.637732142857143,5.477171717171718,7.482790598290598,7.565923076923077,124.39690382081687,,6.538993660547441,6.51235847532367,5.228248864633077,6.742938630743399,6.921330691910291,123.03765926721337,3.99
AC,2026-02,917.9583333333334,1533.0,542.5,3,84,7.716944444444445,7.751319444444444,5.587625661375661,7.587245370370371,7.689537037037037,125.35507246376811,,6.523458679853654,6.5232608212693695,5.282523297783856,6.7157889399123025,6.91792714306148,123.213343547926,3.99
AC,2026-03,948.1290322580645,1386.0,677.5,3,93,8.205560897435896,8.51433712121212,5.9005624999999995,7.903318452380953,8.00099358974359,126.52864583333334,,7.254288975398114,7.30766653209542,5.439997309232224,7.107829737309828,7.27259212743935,123.7463439190445,3.99
AC,2026-04,988.8222222222222,1382.0,670.0,3,90,8.34051893939394,8.557060185185184,5.859652777777778,7.915018939393939,7.999299242424243,125.34660973084887,,7.577173834042674,7.665833825458511,5.457495282047608,7.245709580952961,7.417139076327258,125.38176102876594,4.99
AC,2026-05,598.4032258064516,1006.0,166.5,3,93,8.041644444444444,8.15647619047619,5.544355555555556,7.572439393939393,7.662015151515152,123.63290513833992,,7.409557364145475,7.499057273438067,5.3598796068741965,7.11768303074121,7.321843391794301,125.94057510731912,4.99
AC,2026-08,126.71111111111111,238.0,41.0,3,45,8.159011904761906,8.570581632653061,5.624789682539683,7.782261904761905,7.871285714285714,126.88899196042053,,7.1105572247625535,7.284635514310511,5.068842500083822,7.108921984381726,7.315647025731834,126.8227544228191,4.99
AC,2026-09,105.05128205128206,278.0,26.0,3,39,,,,,,,,,,,,,,
AM,2021-01,1225.3387096774193,2475.0,482.5,4,124,3.840740696001721,3.9429252556194894,3.721889093463473,4.590850132613767,4.671973463691697,88.15214793633018,3.49,4.0306359733326325,4.097938956139686,3.7384937237506044,4.625921550620133,4.808965417972832,88.52851175146742,3.49
AM,2021-02,1446.5625,2605.0,793.0,4,112,4.1057170325630254,4.215272964311821,3.9100414497578693,5.089957072678993,5.132763396471949,91.66417531588247,3.58,4.291450662890792,4.328450628671984,3.960660762727071,5.037741045228972,5.2083347710803025,91.32004320638964,3.58
AM,2021-03,1583.7459677419354,2758.5,920.5,4,124,4.550814870600414,4.606597201213819,4.416407807807808,5.512259494773519,5.5698312221479505,94.527934261329,3.83375,4.6877190869518675,4.669514060186385,4.568026111697581,5.536910938641759,5.712585496646497,94.50033443111917,3.83375
AM,2021-04,1780.8833333333334,2935.0,1073.5,4,120,4.5591844290087575,4.611542511261261,4.520557869053263,5.610020542973287,5.6525780393217895,95.1914254385965,3.66,4.6696813114047515,4.6558130198640395,4.614922589886149,5.633851312342495,5.7963817138072065,96.05720961086935,3.815
AM,2021-05,1933.625,3032.0,1258.0,4,124,4.62001632737015,4.690601203703704,4.539251989690225,5.4332742247035,5.506465541523818,95.95126747560957,3.724,4.854627915487781,4.8665214125641105,4.802563915011602,5.645794709298926,5.805126393376977,96.49608289557258,3.724
AM,2021-06,1991.1541666666667,3038.0,1350.0,4,120,4.651298072872735,4.7259355100714755,4.578884566011652,5.479983060755026,5.534856466115238,97.54348427374742,3.79,4.878190085067556,4.887618289259449,4.946633553332527,5.708289026224666,5.837269678788515,98.22401051638097,3.79
AM,2021-07,1940.524193548387,3027.5,1249.0,4,124,4.760370746753247,4.807928502441434,4.759124093669488,5.8564049535471705,5.890366283066601,100.13471718088324,3.7900000000000005,4.966497903649048,4.967964334194116,5.133783768565031,5.9253351603672595,6.050995212885785,102.75194478710849,3.7900000000000005
AM,2021-08,1784.983870967742,2920.0,1049.0,4,124,4.864599140909208,4.962427175856098,4.874795547416602,6.050845632875926,6.052356389118647,103.61633417081566,3.9900000000000007,4.988971206026006,5.00485858462129,5.249374754745953,6.0347218698262735,6.170653159358516,104.33250525869244,3.9900000000000007
AM,2021-09,1504.45,2713.5,793.0,4,120,4.978966328320801,5.100567848020434,4.950479039170951,6.1982431042884985,6.126210579004329,107.93556328781513,3.99,5.102039313069069,5.115281527715343,5.381359082094376,6.162294643049819,6.2818001455348975,106.52942486168314,3.99
AM,2021-10,1117.2540322580646,2291.0,480.0,4,124,5.336836425120773,5.473454785247433,5.0212162481475735,6.5491598308554195,6.393562955182073,110.93343598605695,3.99,5.375066951587211,5.389165222987979,5.460207879059269,6.369576205834163,6.484618549265359,108.74949778296732,3.99
AM,2021-11,1001.6791666666667,2128.0,315.5,4,120,5.787880195652174,5.854368471940501,5.553574560171929,6.955716019275493,6.794171461038961,113.49941299403774,4.140000000000001,5.717858227441429,5.7343282989836775,5.8476189174652,6.77119217146655,6.8964262736426365,110.73804681301439,4.140000000000001
AM,2021-12,1236.8346774193549,2412.0,465.0,4,124,5.792391731527921,5.852884111019887,5.589956452275015,6.938793233149116,6.778024253138408,113.97909226190477,4.19,5.727105326254257,5.744841585707837,5.941784242451399,6.7682862757217634,6.899221541622364,111.35750320670466,4.19
AM,2022-01,1429.8185483870968,2478.0,740.0,4,124,5.932997763347763,6.001488236708825,5.58602330312585,6.951635568935889,6.793022242028124,114.10377210404091,4.304,5.857857796840187,5.86844966425108,5.926692287940488,6.792801191706983,6.93487045292053,112.09407309896679,4.304
AM,2022-02,1410.111607142857,2473.5,733.0,4,112,5.995002998737374,6.1493502995685985,5.571220346320347,6.936971688628035,6.845675353567456,115.82848844395006,4.38,5.921371656057195,5.950386167834405,5.862254860516538,6.789842563558382,6.927185401363342,112.34528913858205,4.38
AM,2022-03,1582.758064516129,2740.0,814.0,4,124,6.658478954739791,6.760022126116545,5.699455150082583,7.398918553532524,7.316757939711463,124.44936974789914,4.38,6.739581876802739,6.777025501981705,5.9096396998621605,7.254108108616769,7.388010932509287,120.65760223507729,4.38
AM,2022-04,1809.2291666666667,2906.0,1076.0,4,120,7.020229160865125,7.099316411238825,5.808832409688013,7.616506307826161,7.592100143903715,129.92261256354394,4.38,6.941865813157897,6.9908700494654035,6.044624105395281,7.386622750074068,7.531162789806389,124.04633601017042,4.38
AM,2022-05,1915.9556451612902,2980.0,1231.0,4,124,7.30125694919116,7.302383010209623,5.796706210245584,7.613698352851313,7.588644607843137,129.94996369629357,4.38,7.187006336776986,7.239562885824422,6.156721790946449,7.387959018796968,7.542921195868783,123.78013350759117,4.38
AM,2022-06,1955.4083333333333,3010.0,1299.0,4,120,7.60622156084656,7.725250818281473,5.751051587301588,7.608647018970189,7.549811255797634,129.12641376167693,4.38,7.577693947055666,7.625346649122147,6.06349719648851,7.404323545544602,7.555374421143998,123.69506918021912,4.38
AM,2022-07,1903.8306451612902,2999.0,1207.0,4,124,8.03567233709273,8.07691205138947,5.423585878659408,6.883506244474665,6.717517156862745,129.35533045532188,4.1899999999999995,7.817077531763093,7.869336829450452,5.638382827529056,6.326994592112075,6.459933315573355,123.67293520078475,4.1899999999999995
AM,2022-08,1740.0282258064517,2880.0,1008.0,4,124,7.848838965001437,7.920547192513369,4.956680857549278,6.10416162953358,5.99067896692768,128.24890237637018,3.9900000000000007,7.522607439537248,7.5735864379598725,5.099178622456158,5.684597274670895,5.811554853189994,122.57036898368366,3.9900000000000007
AM,2022-09,1419.1541666666667,2656.0,575.0,4,120,7.397964285714286,7.558658893557423,4.612703544575725,5.70366014876936,5.657409949164851,125.96495615079365,3.99,7.106573179843043,7.170837338194363,4.596911148016227,5.224141214715941,5.372933961582764,121.31639598365929,3.99
AM,2022-10,778.8982300884956,2159.0,198.5,4,113,6.631563311688312,6.702490319548872,3.910003766209001,5.139271746584813,5.199103206836192,113.48122670696587,3.99,6.851533146257284,6.894129427936882,4.168690773520167,4.982590670945152,5.22214296143679,116.82996202336672,3.99
AM,2022-11,801.6,1869.0,183.5,4,120,6.642546195652174,6.714957009013283,3.7335518925518927,4.9001422908232115,4.964413485243805,113.31926247911446,4.140000000000001,6.940164722397682,6.982566509586614,4.230976542976962,5.050542970807889,5.203960325405906,118.10311139889839,4.140000000000001
AM,2022-12,899.4677419354839,1952.0,221.5,4,124,6.786593073593073,6.954115605442635,3.8285028594771244,5.170622863247863,5.236059180514826,123.19981297097964,4.19,6.807809248905041,6.852269594629509,4.311574130901751,4.997070283810046,5.1630409546829865,120.42257880067409,4.19
AM,2023-01,1028.0403225806451,2200.0,299.0,4,124,6.834932596643124,7.133096369202112,3.904340208810797,5.511871063877643,5.5263856068289385,128.57030612244898,4.19,6.740677135903113,6.814928493961704,4.398142755510605,5.153704260991447,5.325261225144142,120.13989981633532,4.19
AM,2023-02,1310.5267857142858,2442.0,530.5,4,112,6.470050264550264,6.916125877273004,3.916832394527168,5.679747191697191,5.633484604105572,131.1389365079365,4.19,6.498822787194913,6.569205849078703,4.393461571873226,5.311496940142796,5.493624336283186,120.8395740568898,4.19
AM,2023-03,1533.5604838709678,2620.0,771.0,4,124,6.461656084656084,6.768715040586127,4.331692152852806,6.352667200854701,6.393228005865103,130.0363846153846,4.19,6.372120185074916,6.399591955803237,4.635525093499446,5.851294587837982,6.030203170880501,120.49055745642369,4.353750000000001
AM,2023-04,1654.025,2733.0,944.0,4,120,6.531948051948052,6.935994700152788,4.584343753351566,6.552820297349709,6.5861985930735925,132.0077314814815,4.19,6.295801767370443,6.348222949420083,4.72075703532126,5.900284915229449,6.08126572154104,120.56134008565719,4.390000000000001
AM,2023-05,1767.3790322580646,2842.0,1057.0,4,124,6.199449579831933,6.525452810892941,4.625915558950853,6.5364797435897435,6.517424475166411,132.18842698412698,4.15,5.838927478655622,5.878195554434464,4.7690888589338645,5.822915189686482,5.995931741493122,120.29832813702733,4.15
AM,2023-06,1815.2875,2860.0,1149.5,4,120,5.822495793054064,6.010476759891944,4.574107843137255,6.357356608669109,6.3893866080156405,128.5882611111111,3.94,5.416394551751003,5.450143994497113,4.65106426987902,5.727668284076236,5.883390447189714,117.13838372490603,3.94
AM,2023-07,1739.125,2831.0,1019.0,4,124,5.7883313553491575,5.922893105158731,4.681414772727273,6.535996666666666,6.597109125972205,128.45838095238096,4.49,5.370430265865164,5.390926474191413,4.799604529531013,5.98305665927424,6.122751425429042,115.76255174900434,4.49
AM,2023-08,1533.6612903225807,2696.0,722.0,4,124,6.071669696969696,6.451802682885875,4.671272186147187,6.7805720238095235,6.817668845315904,124.59489880952381,4.49,5.944851507879409,6.074199770622374,4.783516682014624,6.1986195973507,6.342633590233398,114.46732260494119,4.49
AM,2023-09,1014.5541666666667,2385.0,182.0,4,120,6.613004072681704,6.88536199553135,4.701570900537634,6.890648214285714,6.768914675245098,125.20608630952381,4.49,6.434168756097023,6.5711895831845055,4.793178839920632,6.336100070194636,6.47814690485837,114.36652596368128,4.49
AM,2023-10,524.9758064516129,1568.0,50.0,4,124,6.40612865497076,6.949506996501748,4.682495543672014,6.793004655067155,6.697611408199644,127.36674702380952,4.49,6.51677480574658,6.621889109426201,4.724265149603461,6.2670663271280205,6.417082808294796,115.762303729906,4.49
AM,2023-11,469.1041666666667,1478.0,11.0,4,120,6.474584967320261,7.0059,4.641419034090909,6.865004761904761,6.703937078295268,132.63280238095237,4.49,6.5632869605791555,6.621307060679303,4.632630806693727,6.218089401385495,6.363367583711688,117.20903185315386,4.49
AM,2023-12,690.1491935483871,1897.0,115.0,4,124,6.5466674208144795,7.006023247863249,4.637479338842976,6.799690399877901,6.649351254480286,133.20701865079366,4.49,6.444244768709533,6.4728441629777755,4.537545725108226,6.123453384066638,6.278462235564097,116.59191985898954,4.49
AM,2024-01,1024.633064516129,2144.0,241.0,4,124,6.787857711038962,6.857943228530729,4.512769460923661,6.653119446693657,6.610096022095258,132.09737333333334,4.590000000000001,6.412370078425477,6.378402530939859,4.391963323132425,5.998390169260451,6.14151443466985,116.14958459623126,4.590000000000001
AM,2024-02,1179.5905172413793,2249.0,464.0,4,116,6.744014652014652,6.766103856927386,4.487150109970674,6.702503907203908,6.622167715745302,132.29542142857144,4.1775,6.412249590259324,6.37557601964898,4.365987821529246,6.119273918290201,6.2757659136558885,116.68388972000005,4.1775
AM,2024-03,1300.6854838709678,2390.0,566.0,4,124,6.950330882352942,6.819632478632479,4.521435483870968,6.753713782051283,6.746184210526316,131.61703628691984,3.99,6.39654371293118,6.34915404620825,4.370262152443382,6.137267690204961,6.305956898638614,116.69104791108647,3.99
AM,2024-04,1457.9458333333334,2572.5,710.0,4,120,6.894808088235294,6.783998136123136,4.422796535244923,6.823687106227107,6.735294236015827,131.07349721920838,4.59,6.363968666494209,6.323741006297792,4.43806753443751,6.19236794078012,6.350332350344203,116.77536132347363,4.59
AM,2024-05,1590.2056451612902,2672.5,876.0,4,124,6.593697278911565,6.8240458384208385,4.410477364369502,6.858136883073067,6.689980198141548,131.6338738095238,4.59,6.3299859486015615,6.321740716897096,4.488248099740668,6.2208028389147065,6.37040451234087,116.89991292190084,4.59
AM,2024-06,1667.6541666666667,2715.0,986.0,4,120,6.56887093298858,6.771162433862433,4.460495856528475,6.826504767419241,6.682677670716381,130.21701253132832,4.59,6.313981780944571,6.3120841716656075,4.488431768944704,6.244768353834772,6.377012595018437,117.47333878656505,4.59
AM,2024-07,1604.3790322580646,2708.5,890.5,4,124,6.556989095638256,6.634368655154369,4.585384123093681,6.9355003315200685,6.960683735187623,121.14290140845071,4.75,6.441519542884144,6.430511258683957,4.652694326733373,6.471229878107438,6.636318403145843,120.00772364529598,4.75
AM,2024-08,1293.2137096774193,2537.0,362.5,4,124,6.666025183150183,6.736920787545787,4.783736338987764,7.145763125220362,7.169149905593958,121.96841448692155,4.99,6.489240558634817,6.466875287026475,4.79332772849577,6.579623653198653,6.782766920218776,120.31472409777254,4.99
AM,2024-09,678.2833333333333,1994.0,18.5,4,120,6.668695578231293,6.760773809523809,4.797141726403823,7.164591561320885,7.1959089464484345,122.46831589537223,4.99,6.457515265677611,6.4227171057248,4.768408351715705,6.541472028990843,6.754571975710908,120.9630432999123,4.99
AM,2024-10,391.3709677419355,1315.0,-66.0,4,124,6.7750969955969955,7.013591880341881,4.967049074488729,7.36737529634898,7.375688154386708,124.06225352112678,4.99,6.57493536637177,6.516772645736071,4.826704759198365,6.618372766502525,6.832296546654242,122.28040957654608,4.99
AM,2024-11,459.1375,1469.0,-66.0,4,120,6.850855158730159,7.000799162257496,5.03332912857225,7.316404761904763,7.33971357790428,126.28792002012074,4.99,6.549918533660599,6.538593525118612,4.86035097064394,6.672649176545632,6.8636691558763765,123.49145342827349,4.99
AM,2024-12,671.9596774193549,1856.0,139.5,4,124,6.847676068376069,7.0335928588058705,5.038495007680491,7.3220770773086565,7.341616077828982,126.68999356136821,4.99,6.672388799304218,6.606575806661903,4.919080161635807,6.723644914365953,6.916988660534296,123.69528431957274,4.99
AM,2025-01,1081.141129032258,2250.0,238.0,4,124,6.882232142857142,7.024417862230362,5.010987363003144,7.32175730994152,7.33638988233178,126.66900932400932,4.99,6.650590133071402,6.601370632621297,4.924964161667292,6.697007502374886,6.883382754134766,119.90913470940586,4.99
AM,2025-02,1282.125,2430.0,562.0,4,112,7.035361111111111,7.268467661010765,5.259707097254225,7.536165064102565,7.549218766001023,128.76599633699632,5.24,6.8830070210587735,6.833018051231025,5.090391115235887,6.857362855295131,7.034985897761595,119.87711506885239,5.24
AM,2025-03,1518.3225806451612,2630.0,729.0,4,124,7.2077793040293034,7.37000884173298,5.446179345638549,7.644381196581196,7.657366762672812,131.57219748931624,5.49,6.860038903615811,6.821643998013788,5.126541640580496,6.8289349786184586,7.0115959233513365,121.53577911342374,5.49
AM,2025-04,1686.65,2802.0,945.0,4,120,6.955621323529412,7.357338429317596,5.451783452750601,7.585851467611335,7.672993297025556,130.53404995004996,5.49,6.733979132023859,6.725599904023376,5.102830206742699,6.767935189859801,6.945026719416607,121.64522211324731,5.49
AM,2025-05,1820.274193548387,2892.0,1123.0,4,124,6.946257122507123,7.319343372676706,5.4566985254329,7.478317307692308,7.513392490172663,131.73972291597292,5.49,6.643573668802928,6.608264904672824,5.07738056255382,6.722771095014045,6.900962333961987,122.57950346319167,5.49
AM,2025-06,1881.6666666666667,2934.0,1207.0,4,120,6.760706137000255,7.243936507936509,5.452979644130379,7.478007814407815,7.509883384536611,129.35070385170386,5.49,6.56088799557306,6.521483303805039,5.078330797831329,6.7096139321574215,6.87755384077029,121.30458815773027,5.49
AM,2025-07,1878.3467741935483,2938.0,1207.0,4,124,6.7575,7.381920502171399,5.472853134215564,7.6171652421652425,7.656214493413852,124.28860722610722,5.49,6.553028559589331,6.514206061250524,5.070618805758678,6.695439880205311,6.891463578939997,123.64868300464288,5.49
AM,2025-08,1762.733870967742,2879.0,1025.0,4,124,6.499895833333333,7.3115341960539,5.490506552419355,7.574945054945055,7.610743467841682,123.84878321678322,4.890000000000001,6.530328443466202,6.468857183099171,5.039055307422705,6.636570685133185,6.849917610236576,123.18805028415673,4.890000000000001
AM,2025-09,1504.7555555555555,2694.0,627.5,3,90,7.086409502262443,7.213691531785128,5.460421562980031,7.443178571428571,7.465323438466295,126.86300144300145,4.59,6.5028689771592285,6.4683528041683,5.091534731623417,6.672492451181762,6.8679418000002155,121.36520578742375,4.59
AM,2025-10,1077.967741935484,2287.0,276.5,3,93,6.743833333333334,7.070165965898724,5.44301267281106,7.319495920745921,7.351061763548395,128.00441916416915,3.99,6.487165985951416,6.444526444242442,5.102605038370465,6.65542863297635,6.840468528583651,122.54010206329836,3.99
AM,2025-11,939.8111111111111,2000.0,263.0,3,90,6.549114583333334,6.7821134061411845,5.441500576036866,7.044643874643875,7.081141414141414,127.84130311355312,3.99,6.5018023233328925,6.444222928182043,5.123789698364009,6.632575180645982,6.81570663470924,122.07278779495454,3.99
AM,2025-12,1139.5645161290322,2230.0,337.0,3,93,6.845351307189542,7.1706564238230905,5.44291511909176,7.353839108339108,7.383965571683219,125.2217664113664,3.9900000000000007,6.505599624644593,6.464986883695109,5.164536908104061,6.673178774188017,6.8501758242953965,122.15009472319093,3.9900000000000007
AM,2026-01,1245.1720430107528,2310.0,545.5,3,93,6.93936391223156,7.21875553469519,5.450335747202106,7.406104312354312,7.436434127369956,125.10423455332547,3.99,6.538993660547441,6.51235847532367,5.228248864633077,6.742938630743399,6.921330691910291,123.03765926721337,3.99
AM,2026-02,1416.5357142857142,2480.0,631.5,3,84,6.7465120603797075,7.159831518789852,5.439142203453962,7.347612179487179,7.3701676428147005,127.23321597846598,3.99,6.523458679853654,6.5232608212693695,5.282523297783856,6.7157889399123025,6.91792714306148,123.213343547926,3.99
AM,2026-08,1978.21875,2604.5,1344.0,2,32,7.0252380952380955,7.648242311311876,4.884250645085621,7.76499647282542,7.836350806451613,127.504534007659,4.99,7.1105572247625535,7.284635514310511,5.068842500083822,7.108921984381726,7.315647025731834,126.8227544228191,4.99
AM,2026-09,1987.1842105263158,2400.0,1256.5,2,19,,,,,,,,,,,,,,
AP,2021-01,280.3225806451613,420.0,160.0,1,31,4.159577380952381,4.275378205128206,,3.9230398550724637,4.252408333333333,95.94444444444443,,4.0306359733326325,4.097938956139686,3.7384937237506044,4.625921550620133,4.808965417972832,88.52851175146742,3.49
AP,2021-02,307.5,440.0,180.0,1,28,4.322916666666667,4.388916666666667,4.26,4.247395833333333,4.44375,99.77380952380952,,4.291450662890792,4.328450628671984,3.960660762727071,5.037741045228972,5.2083347710803025,91.32004320638964,3.58
AP,2021-03,330.0,470.0,200.0,1,31,4.640438888888889,4.748266666666667,4.754333333333333,4.791483333333334,4.97,102.79444444444445,,4.6877190869518675,4.669514060186385,4.568026111697581,5.536910938641759,5.712585496646497,94.50033443111917,3.83375
AP,2021-04,341.0,460.0,200.0,1,30,4.495392857142857,4.647222222222222,4.781666666666666,4.814125,5.1000000000000005,103.04754273504274,,4.6696813114047515,4.6558130198640395,4.614922589886149,5.633851312342495,5.7963817138072065,96.05720961086935,3.815
AP,2021-05,314.19354838709677,440.0,180.0,1,31,4.624757142857144,4.761950000000001,4.907333333333334,4.900025072463768,5.187,104.42539682539682,,4.854627915487781,4.8665214125641105,4.802563915011602,5.645794709298926,5.805126393376977,96.49608289557258,3.724
AP,2021-06,308.0,460.0,180.0,1,30,4.558833333333333,4.77375,5.25,4.946078394123607,5.317777777777778,103.23958333333333,,4.878190085067556,4.887618289259449,4.946633553332527,5.708289026224666,5.837269678788515,98.22401051638097,3.79
AP,2021-07,310.0,430.0,180.0,1,31,4.588507936507937,4.728777777777778,5.46,5.011236111111111,5.377916666666667,107.13703703703703,,4.966497903649048,4.967964334194116,5.133783768565031,5.9253351603672595,6.050995212885785,102.75194478710849,3.7900000000000005
AP,2021-08,315.48387096774195,480.0,160.0,1,31,4.6184666666666665,4.7577,5.609999999999999,5.126937505827506,5.433999999999999,108.81222222222223,,4.988971206026006,5.00485858462129,5.249374754745953,6.0347218698262735,6.170653159358516,104.33250525869244,3.9900000000000007
AP,2021-09,311.3333333333333,470.0,150.0,1,30,4.713583333333333,4.8021666666666665,5.796666666666667,5.258401268115942,5.51125,109.25925925925925,,5.102039313069069,5.115281527715343,5.381359082094376,6.162294643049819,6.2818001455348975,106.52942486168314,3.99
AP,2021-10,281.61290322580646,440.0,140.0,1,31,4.994761904761905,5.144500000000001,5.8575,5.488020833333334,5.813958333333333,113.05555555555556,,5.375066951587211,5.389165222987979,5.460207879059269,6.369576205834163,6.484618549265359,108.74949778296732,3.99
AP,2021-11,280.3333333333333,410.0,140.0,1,30,5.4004095238095235,5.565547619047619,5.9,5.932741666666667,6.317083333333334,116.26666666666665,,5.717858227441429,5.7343282989836775,5.8476189174652,6.77119217146655,6.8964262736426365,110.73804681301439,4.140000000000001
AP,2021-12,293.2258064516129,430.0,170.0,1,31,5.393128787878788,5.542428571428571,5.900000000000001,5.909302083333333,6.260416666666667,116.0,,5.727105326254257,5.744841585707837,5.941784242451399,6.7682862757217634,6.899221541622364,111.35750320670466,4.19
AP,2022-01,305.0,445.0,165.0,1,31,5.5370904761904765,5.705883333333333,5.96,5.883076086956522,6.255,115.55555555555554,,5.857857796840187,5.86844966425108,5.926692287940488,6.792801191706983,6.93487045292053,112.09407309896679,4.304
AP,2022-02,316.9642857142857,460.0,180.0,1,28,5.603833333333332,5.815173611111111,5.96,5.856209239130435,6.2175,116.41666666666667,,5.921371656057195,5.950386167834405,5.862254860516538,6.789842563558382,6.927185401363342,112.34528913858205,4.38
AP,2022-03,318.06451612903226,455.0,120.0,1,31,6.111087121212121,6.410044642857143,6.45,6.187236842105263,6.544583333333334,124.36111111111111,,6.739581876802739,6.777025501981705,5.9096396998621605,7.254108108616769,7.388010932509287,120.65760223507729,4.38
AP,2022-04,318.0,470.0,180.0,1,30,6.446053078865579,6.7318750000000005,6.4425,6.369375,6.675,125.52083333333333,,6.941865813157897,6.9908700494654035,6.044624105395281,7.386622750074068,7.531162789806389,124.04633601017042,4.38
AP,2022-05,316.2903225806452,460.0,180.0,1,31,6.732959090909091,6.979548015873016,6.484444444444445,6.543173809523809,6.79175,121.17460317460318,,7.187006336776986,7.239562885824422,6.156721790946449,7.387959018796968,7.542921195868783,123.78013350759117,4.38
AP,2022-06,321.8333333333333,480.0,200.0,1,30,7.120662878787879,7.36761755952381,6.4433333333333325,6.496829257246377,6.826041666666667,120.15525793650794,,7.577693947055666,7.625346649122147,6.06349719648851,7.404323545544602,7.555374421143998,123.69506918021912,4.38
AP,2022-07,317.38709677419354,428.0,174.5,1,31,7.443237373737374,7.668353174603175,5.976666666666667,5.29165539452496,5.577777777777778,122.65522222222222,,7.817077531763093,7.869336829450452,5.638382827529056,6.326994592112075,6.459933315573355,123.67293520078475,4.1899999999999995
AP,2022-08,309.5967741935484,415.0,219.0,1,31,7.165645454545455,7.472633477633479,5.654999999999999,4.988643610013176,5.309666666666667,121.30873015873017,,7.522607439537248,7.5735864379598725,5.099178622456158,5.684597274670895,5.811554853189994,122.57036898368366,3.9900000000000007
AP,2022-09,297.15,387.0,216.0,1,30,6.895555555555556,7.246126984126984,5.35,4.679679738562091,4.984444444444445,122.86309523809524,,7.106573179843043,7.170837338194363,4.596911148016227,5.224141214715941,5.372933961582764,121.31639598365929,3.99
AP,2022-10,268.2903225806452,299.0,242.0,1,31,6.705059523809524,7.006145833333333,4.99,4.536029411764706,4.8092500000000005,122.73983957219251,,6.851533146257284,6.894129427936882,4.168690773520167,4.982590670945152,5.22214296143679,116.82996202336672,3.99
AP,2022-11,253.83333333333334,279.0,227.0,1,30,6.829366666666667,7.134323809523809,5.2275,4.706376470588235,4.934166666666667,120.2000816993464,,6.940164722397682,6.982566509586614,4.230976542976962,5.050542970807889,5.203960325405906,118.10311139889839,4.140000000000001
AP,2022-12,257.1290322580645,290.0,239.0,1,31,6.509186507936508,6.912000000000001,4.925,4.506617647058824,4.801666666666667,120.70312500000001,,6.807809248905041,6.852269594629509,4.311574130901751,4.997070283810046,5.1630409546829865,120.42257880067409,4.19
AP,2023-01,276.2741935483871,415.0,173.0,1,31,6.454854700854701,6.794126623376623,5.1525,4.621882352941176,4.863022222222222,118.36037151702787,,6.740677135903113,6.814928493961704,4.398142755510605,5.153704260991447,5.325261225144142,120.13989981633532,4.19
AP,2023-02,305.67857142857144,408.0,195.0,1,28,6.218416666666667,6.648041666666667,4.85,4.837352941176471,5.113541666666666,117.41611842105263,,6.498822787194913,6.569205849078703,4.393461571873226,5.311496940142796,5.493624336283186,120.8395740568898,4.19
AP,2023-03,321.7258064516129,431.5,214.0,1,31,6.127000000000001,6.4357476190476195,5.155,5.235176470588235,5.4525,115.43483709273184,,6.372120185074916,6.399591955803237,4.635525093499446,5.851294587837982,6.030203170880501,120.49055745642369,4.353750000000001
AP,2023-04,322.6333333333333,436.0,219.0,1,30,5.9578703703703715,6.2848492063492065,5.5,5.2036405228758165,5.403,112.8874720502236,,6.295801767370443,6.348222949420083,4.72075703532126,5.900284915229449,6.08126572154104,120.56134008565719,4.390000000000001
AP,2023-05,307.7258064516129,422.0,204.0,1,31,5.580745238095238,5.78705606060606,5.32,5.06731974789916,5.318583333333334,116.26515768588138,,5.838927478655622,5.878195554434464,4.7690888589338645,5.822915189686482,5.995931741493122,120.29832813702733,4.15
AP,2023-06,302.4,415.0,204.0,1,30,5.112696428571429,5.369638888888889,5.1866666666666665,5.078338235294118,5.318333333333333,115.69083247334021,,5.416394551751003,5.450143994497113,4.65106426987902,5.727668284076236,5.883390447189714,117.13838372490603,3.94
AP,2023-07,296.64516129032256,405.0,214.0,1,31,5.1449,5.418254761904762,5.35125,5.3162529411764705,5.533266666666667,110.91315789473683,,5.370430265865164,5.390926474191413,4.799604529531013,5.98305665927424,6.122751425429042,115.76255174900434,4.49
AP,2023-08,299.4193548387097,408.0,227.0,1,31,5.70065625,6.172041666666667,5.372857142857143,5.573112745098039,5.8115625,108.39327485380117,,5.944851507879409,6.074199770622374,4.783516682014624,6.1986195973507,6.342633590233398,114.46732260494119,4.49
AP,2023-09,284.93333333333334,398.0,180.0,1,30,6.260916666666667,6.6705000000000005,5.495,5.734007352941177,5.956770833333334,110.77878992352677,,6.434168756097023,6.5711895831845055,4.793178839920632,6.336100070194636,6.47814690485837,114.36652596368128,4.49
AP,2023-10,251.61290322580646,292.0,229.0,1,31,6.353033333333333,6.822473809523809,5.547499999999999,5.711172549019608,5.949,110.52935222672065,,6.51677480574658,6.621889109426201,4.724265149603461,6.2670663271280205,6.417082808294796,115.762303729906,4.49
AP,2023-11,242.26666666666668,259.0,225.0,1,30,6.506,6.879709183673469,5.4425,5.656683823529412,5.880119047619048,107.46102073365232,,6.5632869605791555,6.621307060679303,4.632630806693727,6.218089401385495,6.363367583711688,117.20903185315386,4.49
AP,2023-12,246.90322580645162,263.0,223.0,1,31,6.350104166666666,6.590011904761905,5.3525,5.605303921568628,5.812395833333333,108.47062126470021,,6.444244768709533,6.4728441629777755,4.537545725108226,6.123453384066638,6.278462235564097,116.59191985898954,4.49
AP,2026-08,272.15625,299.5,244.0,1,16,,7.1782038690476195,5.858888888888888,6.6135085784313725,6.8168750000000005,131.17708333333334,,7.1105572247625535,7.284635514310511,5.068842500083822,7.108921984381726,7.315647025731834,126.8227544228191,4.99
AP,2026-09,274.11538461538464,304.5,246.0,1,13,,,,,,,,,,,,,,
PA,2026-08,631.28125,665.0,602.0,1,16,7.166793209876543,7.236572759219101,5.044568011463845,6.873804268688095,7.02030235042735,118.87148168498167,,7.1105572247625535,7.284635514310511,5.068842500083822,7.108921984381726,7.315647025731834,126.8227544228191,4.99
PA,2026-09,638.0769230769231,699.0,598.0,1,13,,,,,,,,,,,,,,
RO,2021-01,1437.2943548387098,2035.0,884.0,10,248,3.9109533834586467,3.957434523809524,3.844087987012987,4.7817057692307685,4.820283302005012,90.5271392081737,,4.0306359733326325,4.097938956139686,3.7384937237506044,4.625921550620133,4.808965417972832,88.52851175146742,3.49
RO,2021-02,1627.127232142857,2225.0,1290.0,10,224,4.08768947368421,4.138207954545455,3.9827652462121215,5.020446428571429,5.076548949579832,92.75,,4.291450662890792,4.328450628671984,3.960660762727071,5.037741045228972,5.2083347710803025,91.32004320638964,3.58
RO,2021-03,1693.4737903225807,2242.0,1416.0,10,248,4.49592347575864,4.537472619849286,4.734417967372134,5.758890784650103,5.8162874342194515,100.30690091801203,,4.6877190869518675,4.669514060186385,4.568026111697581,5.536910938641759,5.712585496646497,94.50033443111917,3.83375
RO,2021-04,1691.4208333333333,2197.0,1423.0,10,240,4.4709069078947365,4.517079055183947,4.804182192807193,5.719072679167329,5.786707886904762,102.07436242816092,4.59,4.6696813114047515,4.6558130198640395,4.614922589886149,5.633851312342495,5.7963817138072065,96.05720961086935,3.815
RO,2021-05,1488.4818548387098,2133.0,1125.0,10,248,4.690927511961723,4.736606299691593,4.903550322817252,5.782068854151265,5.80609004010025,105.3184677232091,,4.854627915487781,4.8665214125641105,4.802563915011602,5.645794709298926,5.805126393376977,96.49608289557258,3.724
RO,2021-06,1279.3083333333334,1960.0,763.0,10,240,4.804106828449329,4.8185128008867135,5.176266349206349,5.870655683648075,5.932151533241315,110.86844447219447,,4.878190085067556,4.887618289259449,4.946633553332527,5.708289026224666,5.837269678788515,98.22401051638097,3.79
RO,2021-07,1034.2782258064517,1635.5,482.5,10,248,4.926541920050848,4.945825240861895,5.33075253610216,6.050113996119854,6.138293762118374,114.0693747274551,,4.966497903649048,4.967964334194116,5.133783768565031,5.9253351603672595,6.050995212885785,102.75194478710849,3.7900000000000005
RO,2021-08,827.4314516129032,1293.0,208.5,10,248,4.95261231253975,4.998500320245057,5.428260679073717,6.177644110946654,6.235048415704665,114.8852854131376,,4.988971206026006,5.00485858462129,5.249374754745953,6.0347218698262735,6.170653159358516,104.33250525869244,3.9900000000000007
RO,2021-09,762.7375,1206.0,192.0,10,240,5.08023955026455,5.116411319718929,5.718491682127396,6.294505952380953,6.3974907142857145,117.42971315681446,,5.102039313069069,5.115281527715343,5.381359082094376,6.162294643049819,6.2818001455348975,106.52942486168314,3.99
RO,2021-10,750.4879032258065,1213.0,167.0,10,248,5.3701988011695905,5.4040757958074535,5.77766156462585,6.526655629960318,6.593538087643351,122.67161714901478,,5.375066951587211,5.389165222987979,5.460207879059269,6.369576205834163,6.484618549265359,108.74949778296732,3.99
RO,2021-11,904.6520833333333,1416.0,302.0,10,240,5.667847670736557,5.7060381874093515,6.271376536657787,6.870136833718995,6.9549700857256775,124.13154671480746,,5.717858227441429,5.7343282989836775,5.8476189174652,6.77119217146655,6.8964262736426365,110.73804681301439,4.140000000000001
RO,2021-12,1280.657258064516,1905.5,678.0,10,248,5.700517573696145,5.729823722943723,6.217324712787212,6.856362678062679,6.944837128933445,124.45151499118165,,5.727105326254257,5.744841585707837,5.941784242451399,6.7682862757217634,6.899221541622364,111.35750320670466,4.19
RO,2022-01,1352.2318548387098,1901.5,958.0,10,248,5.86503311587793,5.896604981352904,6.211023634260477,6.91490079602574,6.995417913979996,124.59774534813435,,5.857857796840187,5.86844966425108,5.926692287940488,6.792801191706983,6.93487045292053,112.09407309896679,4.304
RO,2022-02,1504.1450892857142,2012.0,1131.0,10,224,5.943039495105285,5.979365430094597,6.229795426795427,6.926314103569538,7.017469907407407,124.4421840133047,,5.921371656057195,5.950386167834405,5.862254860516538,6.789842563558382,6.927185401363342,112.34528913858205,4.38
RO,2022-03,1624.399193548387,2089.0,1308.0,10,248,6.652243910557644,6.696261119022708,6.2101554487179484,7.403975419372294,7.47950497490663,135.88824481079266,,6.739581876802739,6.777025501981705,5.9096396998621605,7.254108108616769,7.388010932509287,120.65760223507729,4.38
RO,2022-04,1592.3458333333333,2102.0,1180.0,10,240,6.878787657483147,6.923646825396825,6.2959941249226965,7.5089276798770594,7.608349634298164,138.9112852870617,,6.941865813157897,6.9908700494654035,6.044624105395281,7.386622750074068,7.531162789806389,124.04633601017042,4.38
RO,2022-05,1266.586693548387,1850.0,758.0,10,248,7.196362692560405,7.226260982605115,6.369941084556469,7.479379253432796,7.5788516214177974,139.0459256128487,,7.187006336776986,7.239562885824422,6.156721790946449,7.387959018796968,7.542921195868783,123.78013350759117,4.38
RO,2022-06,1101.7083333333333,1572.0,553.5,10,240,7.640383649340743,7.699197832218286,6.409829658977387,7.483128019323671,7.59709013861955,138.34984368926646,,7.577693947055666,7.625346649122147,6.06349719648851,7.404323545544602,7.555374421143998,123.69506918021912,4.38
RO,2022-07,884.7862903225806,1294.0,303.0,10,248,7.805130175571691,7.851768698240165,5.9485580808080805,6.2204800782148615,6.350959707633053,138.83393711419754,,7.817077531763093,7.869336829450452,5.638382827529056,6.326994592112075,6.459933315573355,123.67293520078475,4.1899999999999995
RO,2022-08,843.0262096774194,1284.0,293.0,10,248,7.475471069720642,7.5205561940207835,5.440346971036626,5.687156537207587,5.798835368659371,137.3957540735127,,7.522607439537248,7.5735864379598725,5.099178622456158,5.684597274670895,5.811554853189994,122.57036898368366,3.9900000000000007
RO,2022-09,763.6604166666667,1229.0,139.5,10,240,7.227512159961047,7.276761267717789,5.121469114219114,5.263886365486366,5.3835370503937074,135.71108516483517,,7.106573179843043,7.170837338194363,4.596911148016227,5.224141214715941,5.372933961582764,121.31639598365929,3.99
RO,2022-10,810.7197580645161,1278.0,210.0,10,248,6.987787878787878,6.998368131868131,4.553638888888889,4.964685099185874,5.166240740740741,120.26775895621407,,6.851533146257284,6.894129427936882,4.168690773520167,4.982590670945152,5.22214296143679,116.82996202336672,3.99
RO,2022-11,887.0875,1302.0,290.0,10,240,7.11909188034188,7.167852147852148,4.7680694444444445,5.232464411921068,5.3200668220668215,128.72120774848048,,6.940164722397682,6.982566509586614,4.230976542976962,5.050542970807889,5.203960325405906,118.10311139889839,4.140000000000001
RO,2022-12,1065.5604838709678,1729.0,416.0,10,248,6.972526535193202,7.027435083888515,4.800941176470588,5.228766378959878,5.340552248677249,129.9825396825397,,6.807809248905041,6.852269594629509,4.311574130901751,4.997070283810046,5.1630409546829865,120.42257880067409,4.19
RO,2023-01,1321.7862903225807,1800.0,830.0,10,248,7.0896534920634915,7.137958727938728,4.7763849206349205,5.274862280701755,5.386209365079364,127.91292624206737,,6.740677135903113,6.814928493961704,4.398142755510605,5.153704260991447,5.325261225144142,120.13989981633532,4.19
RO,2023-02,1486.7857142857142,2089.0,924.0,10,224,6.877695827320827,6.909068700396825,4.794335317460318,5.478172320795676,5.58044957010582,129.81920048943738,,6.498822787194913,6.569205849078703,4.393461571873226,5.311496940142796,5.493624336283186,120.8395740568898,4.19
RO,2023-03,1601.0483870967741,2155.0,1305.0,10,248,6.505954861111111,6.56828303960473,4.916418650793651,5.998894581782739,6.1059052579365085,129.18136971675278,,6.372120185074916,6.399591955803237,4.635525093499446,5.851294587837982,6.030203170880501,120.49055745642369,4.353750000000001
RO,2023-04,1691.5895833333334,2194.0,1419.0,10,240,6.330951494107744,6.362472883597884,4.918932539682539,5.990832840466065,6.075472883597883,129.28576124629552,,6.295801767370443,6.348222949420083,4.72075703532126,5.900284915229449,6.08126572154104,120.56134008565719,4.390000000000001
RO,2023-05,1479.578629032258,2075.0,1030.0,10,248,5.904425144300145,5.954522778555867,4.987005555555555,5.875799810764284,5.963716594516595,130.18722877585378,,5.838927478655622,5.878195554434464,4.7690888589338645,5.822915189686482,5.995931741493122,120.29832813702733,4.15
RO,2023-06,1226.0916666666667,1848.0,734.0,10,240,5.492124654280905,5.544420468250432,4.9427225672877855,5.894882005360624,5.971403424122173,126.10527365921116,,5.416394551751003,5.450143994497113,4.65106426987902,5.727668284076236,5.883390447189714,117.13838372490603,3.94
RO,2023-07,993.008064516129,1452.0,427.0,10,248,5.391352223702224,5.4434501411170535,5.094996693121693,6.100607766259082,6.189570214045214,124.76289393939395,,5.370430265865164,5.390926474191413,4.799604529531013,5.98305665927424,6.122751425429042,115.76255174900434,4.49
RO,2023-08,861.1136363636364,1305.0,212.0,10,242,5.933386453823954,6.0021058744836315,5.0858158068783075,6.301904152742968,6.39903373015873,123.2157154882155,,5.944851507879409,6.074199770622374,4.783516682014624,6.1986195973507,6.342633590233398,114.46732260494119,4.49
RO,2023-09,761.7708333333334,1202.0,140.0,10,240,6.510301573426574,6.569890459656084,5.107385416666667,6.4855266979000525,6.565399305555555,124.17574801587301,,6.434168756097023,6.5711895831845055,4.793178839920632,6.336100070194636,6.47814690485837,114.36652596368128,4.49
RO,2023-10,723.5040322580645,1164.0,110.0,10,248,6.561498606757228,6.628105405596582,5.094866071428571,6.421213788258525,6.503812447131413,125.54169413179413,,6.51677480574658,6.621889109426201,4.724265149603461,6.2670663271280205,6.417082808294796,115.762303729906,4.49
RO,2023-11,757.93125,1177.0,116.0,10,240,6.658251061108204,6.72263354037267,5.0731972789115645,6.440632746639326,6.520004389129389,125.7168555345118,,6.5632869605791555,6.621307060679303,4.632630806693727,6.218089401385495,6.363367583711688,117.20903185315386,4.49
RO,2023-12,1049.0262096774193,1580.0,443.0,10,248,6.525691137566138,6.626730965555414,5.023796066252587,6.417797410192147,6.505818495514148,125.1142098063973,,6.444244768709533,6.4728441629777755,4.537545725108226,6.123453384066638,6.278462235564097,116.59191985898954,4.49
RO,2024-01,1113.6612903225807,1826.0,738.5,4,124,6.484614320545355,6.570273358232182,4.976234920634921,6.37802261208577,6.463033068783068,124.9819635040885,,6.412370078425477,6.378402530939859,4.391963323132425,5.998390169260451,6.14151443466985,116.14958459623126,4.590000000000001
RO,2024-02,1342.3189655172414,2074.0,890.0,4,116,6.541016522829023,6.609747719226579,4.928916666666667,6.402822176970203,6.499695767195767,126.17503072390572,,6.412249590259324,6.37557601964898,4.365987821529246,6.119273918290201,6.2757659136558885,116.68388972000005,4.1775
RO,2024-03,1585.141129032258,2130.0,1258.0,4,124,6.474914592352093,6.541345072751323,4.867496527777778,6.37655799220273,6.473100995069745,126.09387415824915,,6.39654371293118,6.34915404620825,4.370262152443382,6.137267690204961,6.305956898638614,116.69104791108647,3.99
RO,2024-04,1432.5458333333333,2019.0,1022.0,4,120,6.408253980278981,6.457732703081232,4.825886904761905,6.397115323029797,6.500385726310727,125.77284393667861,,6.363968666494209,6.323741006297792,4.43806753443751,6.19236794078012,6.350332350344203,116.77536132347363,4.59
RO,2024-05,1222.5120967741937,1838.0,829.0,4,124,6.385405377030377,6.4527118055555555,4.836315972222223,6.405595455653021,6.517955827737079,125.38366898148149,,6.3299859486015615,6.321740716897096,4.488248099740668,6.2208028389147065,6.37040451234087,116.89991292190084,4.59
RO,2024-06,965.0041666666667,1674.0,417.5,4,120,6.400331327763146,6.430673621721416,4.858248376623377,6.417324371534898,6.538953299226026,125.39703282828282,,6.313981780944571,6.3120841716656075,4.488431768944704,6.244768353834772,6.377012595018437,117.47333878656505,4.59
RO,2024-07,708.0604838709677,1194.0,238.0,4,124,6.447906698564593,6.471673362327387,4.9617962962962965,6.614836083430266,6.728045948203843,113.63333333333335,,6.441519542884144,6.430511258683957,4.652694326733373,6.471229878107438,6.636318403145843,120.00772364529598,4.75
RO,2024-08,580.7439024390244,1006.5,129.5,4,123,6.487678330441488,6.551791906236178,5.070765894236482,6.781452754693753,6.891754028379029,116.2037037037037,,6.489240558634817,6.466875287026475,4.79332772849577,6.579623653198653,6.782766920218776,120.31472409777254,4.99
RO,2024-09,462.2375,903.5,34.0,4,120,6.565044672718585,6.642192027505447,5.04061908559277,6.782045748050682,6.9003538647343,116.62592592592594,,6.457515265677611,6.4227171057248,4.768408351715705,6.541472028990843,6.754571975710908,120.9630432999123,4.99
RO,2024-10,458.89516129032256,898.0,27.0,4,124,6.737610477485478,6.805256944444444,5.166379629629629,6.943292652928617,7.051127545294212,118.3425925925926,,6.57493536637177,6.516772645736071,4.826704759198365,6.618372766502525,6.832296546654242,122.28040957654608,4.99
RO,2024-11,671.9583333333334,1342.0,89.0,4,120,6.716584071792405,6.781260471781305,5.219576719576719,7.0484734380638665,7.14784285313452,118.86111111111111,,6.549918533660599,6.538593525118612,4.86035097064394,6.672649176545632,6.8636691558763765,123.49145342827349,4.99
RO,2024-12,1096.5604838709678,1778.0,559.5,4,124,6.776665192295627,6.832446966467747,5.167888471177945,7.019417574733937,7.1342284020327495,118.79245014245014,,6.672388799304218,6.606575806661903,4.919080161635807,6.723644914365953,6.916988660534296,123.69528431957274,4.99
RO,2025-01,1388.100806451613,2035.0,842.0,4,124,6.7243747835497825,6.78748630952381,5.146892230576441,6.976943091630592,7.0890470779220776,118.91666666666667,,6.650590133071402,6.601370632621297,4.924964161667292,6.697007502374886,6.883382754134766,119.90913470940586,4.99
RO,2025-02,1572.763392857143,2159.0,1275.0,4,112,6.931511953022823,6.993376258474404,5.266520382395383,7.119951319339192,7.219344625071898,124.94244047619048,,6.8830070210587735,6.833018051231025,5.090391115235887,6.857362855295131,7.034985897761595,119.87711506885239,5.24
RO,2025-03,1779.625,2325.0,1448.5,4,124,6.892079552631277,6.9456161740558295,5.2389051724137925,7.048148446481931,7.17334517206931,128.663792024056,,6.860038903615811,6.821643998013788,5.126541640580496,6.8289349786184586,7.0115959233513365,121.53577911342374,5.49
RO,2025-04,1840.0583333333334,2343.0,1538.0,4,120,6.729652752009894,6.774083761282291,5.205237339380197,7.019523325358852,7.106608877233878,127.42997113997113,,6.733979132023859,6.725599904023376,5.102830206742699,6.767935189859801,6.945026719416607,121.64522211324731,5.49
RO,2025-05,1587.8306451612902,2253.0,1151.5,4,124,6.5732381801205335,6.617264005602241,5.167416666666667,6.926161727849034,7.012770087755381,126.75668205622169,,6.643573668802928,6.608264904672824,5.07738056255382,6.722771095014045,6.900962333961987,122.57950346319167,5.49
RO,2025-06,1376.4375,2029.5,1032.0,4,120,6.426318241758241,6.4745574696545285,5.193148148148148,6.872239431913116,6.967315271395271,126.02149864628126,,6.56088799557306,6.521483303805039,5.078330797831329,6.7096139321574215,6.87755384077029,121.30458815773027,5.49
RO,2025-07,960.25,1933.5,609.0,4,86,6.357974725274725,6.410523757002801,5.1905711038961035,6.843566363826232,6.939252651515152,118.64346590909092,,6.553028559589331,6.514206061250524,5.070618805758678,6.695439880205311,6.891463578939997,123.64868300464288,5.49
RO,2025-08,682.7971698113207,1165.0,302.5,4,106,6.374806714119214,6.431600892857143,5.169301515151515,6.797537646198831,6.8932845695970695,118.70833333333334,,6.530328443466202,6.468857183099171,5.039055307422705,6.636570685133185,6.849917610236576,123.18805028415673,4.890000000000001
RO,2025-09,640.2416666666667,1082.0,230.0,4,120,6.369838095238095,6.407324124649859,5.375360678210678,6.870305921052632,6.953894551282052,121.83675170068027,,6.5028689771592285,6.4683528041683,5.091534731623417,6.672492451181762,6.8679418000002155,121.36520578742375,4.59
RO,2025-10,677.1854838709677,1193.0,213.0,4,124,6.39491774891775,6.432322497420021,5.436533416875522,6.869793013234842,6.945028287630841,123.16399567099566,,6.487165985951416,6.444526444242442,5.102605038370465,6.65542863297635,6.840468528583651,122.54010206329836,3.99
RO,2025-11,945.5041666666667,1640.0,459.0,4,120,6.419412978225478,6.457583547307812,5.4092609126984135,6.833569705513785,6.930192197712419,122.5908888457557,,6.5018023233328925,6.444222928182043,5.123789698364009,6.632575180645982,6.81570663470924,122.07278779495454,3.99
RO,2025-12,1202.1733870967741,1973.5,700.0,4,124,6.418045069128402,6.453213516270705,5.446115025999641,6.83852377084687,6.940654757582045,129.2734623015873,,6.505599624644593,6.464986883695109,5.164536908104061,6.673178774188017,6.8501758242953965,122.15009472319093,3.9900000000000007
RO,2026-01,1491.266129032258,2059.0,1152.0,4,124,6.472395382395382,6.507138974781832,5.467133699633699,6.9459943826015245,7.057724395313681,130.79650793650794,,6.538993660547441,6.51235847532367,5.228248864633077,6.742938630743399,6.921330691910291,123.03765926721337,3.99
RO,2026-02,1567.8169642857142,2103.0,1243.0,4,112,6.482372835497836,6.52392533846872,5.47034512987013,6.925590068922306,7.033595535714286,128.17334345238095,,6.523458679853654,6.5232608212693695,5.282523297783856,6.7157889399123025,6.91792714306148,123.213343547926,3.99
RO,2026-03,1619.9556451612902,2155.5,1349.5,4,124,7.09023619047619,7.199164587985114,5.5884535531135535,7.2288096594427245,7.319312894491129,131.00338569546395,,7.254288975398114,7.30766653209542,5.439997309232224,7.107829737309828,7.27259212743935,123.7463439190445,3.99
RO,2026-04,1698.1708333333333,2216.0,1402.0,4,120,7.429210338680927,7.608175831736203,5.700229739010989,7.407439886480908,7.485949181633437,133.73890786749482,,7.577173834042674,7.665833825458511,5.457495282047608,7.245709580952961,7.417139076327258,125.38176102876594,4.99
RO,2026-05,1557.6693548387098,2204.0,1084.0,4,124,7.319293547361729,7.486910740532258,5.650548012593467,7.376664739500265,7.480435828877005,133.33850511395718,,7.409557364145475,7.499057273438067,5.3598796068741965,7.11768303074121,7.321843391794301,125.94057510731912,4.99
RO,2026-08,1365.9447115384614,4938.0,249.0,17,208,7.142699035812672,7.324917748917749,5.356903802546659,7.312209263689527,7.436653138528138,132.2965283446712,,7.1105572247625535,7.284635514310511,5.068842500083822,7.108921984381726,7.315647025731834,126.8227544228191,4.99
RO,2026-09,1286.6040462427745,4808.0,0.0,19,173,,,,,,,,,,,,,,
RR,2021-01,490.383064516129,912.5,224.5,4,124,3.950527777777778,4.000248251748252,3.755416666666667,4.387467948717949,4.4983611111111115,95.41422554347825,,4.0306359733326325,4.097938956139686,3.7384937237506044,4.625921550620133,4.808965417972832,88.52851175146742,3.49
RR,2021-02,394.71875,725.0,131.5,4,112,4.172024621212121,4.200608974358975,3.94,4.68901923076923,4.794848484848485,97.71729166666667,,4.291450662890792,4.328450628671984,3.960660762727071,5.037741045228972,5.2083347710803025,91.32004320638964,3.58
RR,2021-03,432.2903225806452,838.5,128.5,4,124,4.575005050505051,4.604876923076923,4.387333333333333,5.290089743589744,5.37965,100.37074999999999,,4.6877190869518675,4.669514060186385,4.568026111697581,5.536910938641759,5.712585496646497,94.50033443111917,3.83375
RR,2021-04,556.9541666666667,1018.0,211.5,4,120,4.539665404040404,4.589967948717948,4.5575,5.352003205128205,5.4853125,101.93892308897244,,4.6696813114047515,4.6558130198640395,4.614922589886149,5.633851312342495,5.7963817138072065,96.05720961086935,3.815
RR,2021-05,700.1572580645161,1129.0,404.0,4,124,4.773081168831169,4.8002692307692305,4.641,5.371282051282051,5.485509090909091,102.75696428571428,,4.854627915487781,4.8665214125641105,4.802563915011602,5.645794709298926,5.805126393376977,96.49608289557258,3.724
RR,2021-06,794.7375,1259.0,491.0,4,120,4.780517045454546,4.828426573426573,4.803333333333333,5.36331148018648,5.490126488095238,103.52072916666665,,4.878190085067556,4.887618289259449,4.946633553332527,5.708289026224666,5.837269678788515,98.22401051638097,3.79
RR,2021-07,731.4395161290323,1142.0,488.0,4,124,4.801138888888889,4.841634615384615,4.937916666666666,5.474615384615384,5.579390054390054,108.17504528985508,,4.966497903649048,4.967964334194116,5.133783768565031,5.9253351603672595,6.050995212885785,102.75194478710849,3.7900000000000005
RR,2021-08,758.0241935483871,1154.0,516.5,4,124,4.803893217893218,4.8626538461538455,5.050333333333333,5.617679487179488,5.733683838383838,109.42083333333332,,4.988971206026006,5.00485858462129,5.249374754745953,6.0347218698262735,6.170653159358516,104.33250525869244,3.9900000000000007
RR,2021-09,579.8125,1003.5,299.0,4,120,4.897812500000001,4.9673461538461545,5.335555555555556,5.73932400932401,5.846801136363637,111.77083333333331,,5.102039313069069,5.115281527715343,5.381359082094376,6.162294643049819,6.2818001455348975,106.52942486168314,3.99
RR,2021-10,494.1008064516129,861.0,240.0,4,124,5.226666666666667,5.290657051282051,5.585416666666667,5.9642307692307694,6.081548951048951,111.32563405797103,,5.375066951587211,5.389165222987979,5.460207879059269,6.369576205834163,6.484618549265359,108.74949778296732,3.99
RR,2021-11,499.9125,899.5,227.0,4,120,5.6186,5.670858974358974,6.0504999999999995,6.391153846153846,6.518000000000001,111.70416666666665,,5.717858227441429,5.7343282989836775,5.8476189174652,6.77119217146655,6.8964262736426365,110.73804681301439,4.140000000000001
RR,2021-12,587.1854838709677,1028.0,294.5,4,124,5.625479166666667,5.668942307692308,6.158541666666666,6.422115384615385,6.548492424242425,111.61798007246378,,5.727105326254257,5.744841585707837,5.941784242451399,6.7682862757217634,6.899221541622364,111.35750320670466,4.19
RR,2022-01,472.875,880.0,199.5,4,124,5.793666666666667,5.844769230769231,6.131,6.461573426573426,6.5847999999999995,111.58624275362317,,5.857857796840187,5.86844966425108,5.926692287940488,6.792801191706983,6.93487045292053,112.09407309896679,4.304
RR,2022-02,431.51785714285717,844.5,168.0,4,112,5.899756944444444,5.942548076923076,6.1825,6.455182109557109,6.580045454545455,111.84002264492754,,5.921371656057195,5.950386167834405,5.862254860516538,6.789842563558382,6.927185401363342,112.34528913858205,4.38
RR,2022-03,646.491935483871,1138.0,287.0,4,124,6.553731060606061,6.615080128205128,6.125416666666666,6.921923076923077,7.050958333333334,120.67708333333333,,6.739581876802739,6.777025501981705,5.9096396998621605,7.254108108616769,7.388010932509287,120.65760223507729,4.38
RR,2022-04,567.6166666666667,977.0,314.0,4,120,6.777107954545455,6.930961538461538,6.243541666666666,7.053846153846154,7.206109848484848,125.17697916666667,,6.941865813157897,6.9908700494654035,6.044624105395281,7.386622750074068,7.531162789806389,124.04633601017042,4.38
RR,2022-05,689.9233870967741,1227.0,380.0,4,124,7.141280303030304,7.197358974358974,6.206666666666667,7.052153846153847,7.196454545454546,125.38325,,7.187006336776986,7.239562885824422,6.156721790946449,7.387959018796968,7.542921195868783,123.78013350759117,4.38
RR,2022-06,777.4041666666667,1202.5,362.0,4,120,7.526625,7.602307692307692,6.174833333333333,7.068269230769231,7.2001039238539235,125.46864583333334,,7.577693947055666,7.625346649122147,6.06349719648851,7.404323545544602,7.555374421143998,123.69506918021912,4.38
RR,2022-07,762.6491935483871,1210.0,467.0,4,124,7.825555555555556,7.930192307692308,5.705000000000001,6.336346153846154,6.454542540792541,124.99468750000001,,7.817077531763093,7.869336829450452,5.638382827529056,6.326994592112075,6.459933315573355,123.67293520078475,4.1899999999999995
RR,2022-08,700.9677419354839,1217.0,381.0,4,124,7.60562077922078,7.698615384615384,5.4656666666666665,5.7850769230769234,5.899990675990677,122.78759420289855,,7.522607439537248,7.5735864379598725,5.099178622456158,5.684597274670895,5.811554853189994,122.57036898368366,3.9900000000000007
RR,2022-09,618.5416666666666,1034.0,394.0,4,120,7.294343434343435,7.382923076923077,5.1706666666666665,5.436349924585219,5.532611111111112,121.88478174603175,,7.106573179843043,7.170837338194363,4.596911148016227,5.224141214715941,5.372933961582764,121.31639598365929,3.99
RR,2022-10,525.6451612903226,860.0,274.0,4,124,7.050426573426574,7.096850490196078,4.916875,5.265735294117647,5.350333333333333,119.85877952091766,,6.851533146257284,6.894129427936882,4.168690773520167,4.982590670945152,5.22214296143679,116.82996202336672,3.99
RR,2022-11,586.1583333333333,1006.0,299.0,4,120,7.0845265151515155,7.13390625,4.849583333333333,5.252352941176471,5.3297976190476195,120.53100595238095,,6.940164722397682,6.982566509586614,4.230976542976962,5.050542970807889,5.203960325405906,118.10311139889839,4.140000000000001
RR,2022-12,582.4516129032259,1046.0,259.0,4,124,6.984848484848484,7.138058210784314,4.865833333333333,5.250588235294118,5.333952380952381,127.05500401049476,,6.807809248905041,6.852269594629509,4.311574130901751,4.997070283810046,5.1630409546829865,120.42257880067409,4.19
RR,2023-01,578.3467741935484,986.0,262.0,4,124,7.124299533799534,7.188603431372549,4.865066666666666,5.430823529411765,5.505833333333333,128.04110344827586,,6.740677135903113,6.814928493961704,4.398142755510605,5.153704260991447,5.325261225144142,120.13989981633532,4.19
RR,2023-02,468.7142857142857,860.0,218.0,4,112,7.126538461538461,7.185275735294117,4.859999999999999,5.579264705882353,5.6546875,129.36172413793102,,6.498822787194913,6.569205849078703,4.393461571873226,5.311496940142796,5.493624336283186,120.8395740568898,4.19
RR,2023-03,440.6774193548387,878.0,145.5,4,124,6.99684391996892,7.018077731092436,4.881666666666667,6.089411764705882,6.1580312500000005,129.3187068965517,,6.372120185074916,6.399591955803237,4.635525093499446,5.851294587837982,6.030203170880501,120.49055745642369,4.353750000000001
RR,2023-04,487.7375,1094.0,119.5,4,120,6.960400641025641,6.99703125,4.931666666666667,6.090735294117646,6.16296875,129.6721551724138,4.99,6.295801767370443,6.348222949420083,4.72075703532126,5.900284915229449,6.08126572154104,120.56134008565719,4.390000000000001
RR,2023-05,615.9677419354839,1127.0,198.5,4,124,6.380890909090909,6.423558333333334,5.0484,5.950705882352941,6.029967857142857,129.85855172413793,,5.838927478655622,5.878195554434464,4.7690888589338645,5.822915189686482,5.995931741493122,120.29832813702733,4.15
RR,2023-06,648.9458333333333,1098.0,439.0,4,120,5.655866841491841,5.766030637254902,5.1274999999999995,5.743088235294118,5.8176145833333335,126.4698275862069,,5.416394551751003,5.450143994497113,4.65106426987902,5.727668284076236,5.883390447189714,117.13838372490603,3.94
RR,2023-07,676.0806451612904,1150.0,371.0,4,124,5.414182051282052,5.494397058823529,5.149,5.927294117647059,6.006536764705882,126.2,,5.370430265865164,5.390926474191413,4.799604529531013,5.98305665927424,6.122751425429042,115.76255174900434,4.49
RR,2023-08,548.1854838709677,964.0,213.0,4,124,5.949236596736597,5.9856026785714285,4.9775,5.981470588235294,6.072789828431373,125.5948275862069,,5.944851507879409,6.074199770622374,4.783516682014624,6.1986195973507,6.342633590233398,114.46732260494119,4.49
RR,2023-09,415.2416666666667,703.0,136.0,4,120,6.254335664335665,6.307033088235294,4.9575000000000005,5.950441176470588,6.052031250000001,124.57758620689657,,6.434168756097023,6.5711895831845055,4.793178839920632,6.336100070194636,6.47814690485837,114.36652596368128,4.49
RR,2023-10,377.4516129032258,650.0,89.0,4,124,6.564573426573427,6.624014705882354,4.886666666666667,5.907882352941177,6.007716666666666,126.71034482758621,,6.51677480574658,6.621889109426201,4.724265149603461,6.2670663271280205,6.417082808294796,115.762303729906,4.49
RR,2023-11,353.94166666666666,617.0,54.0,4,120,6.645240384615386,6.703520220588236,4.886666666666667,5.891911764705882,5.98790625,131.66379310344826,,6.5632869605791555,6.621307060679303,4.632630806693727,6.218089401385495,6.363367583711688,117.20903185315386,4.49
RR,2023-12,346.13709677419354,624.0,39.0,4,124,6.6376923076923084,6.699588235294118,4.862500000000001,5.891470588235293,5.985,130.83620689655174,,6.444244768709533,6.4728441629777755,4.537545725108226,6.123453384066638,6.278462235564097,116.59191985898954,4.49
RR,2024-01,339.0806451612903,723.0,21.5,4,124,6.605448717948718,6.67085294117647,4.846,5.894,5.986,128.0,,6.412370078425477,6.378402530939859,4.391963323132425,5.998390169260451,6.14151443466985,116.14958459623126,4.590000000000001
RR,2024-02,284.39224137931035,574.0,-15.0,4,116,6.617065850815851,6.668823529411765,4.821041666666666,6.0675,6.1515625,128.85344827586206,,6.412249590259324,6.37557601964898,4.365987821529246,6.119273918290201,6.2757659136558885,116.68388972000005,4.1775
RR,2024-03,242.84677419354838,528.0,-37.0,4,124,6.604871794871795,6.6475091911764705,4.825208333333333,6.160588235294117,6.2409375,128.72413793103448,,6.39654371293118,6.34915404620825,4.370262152443382,6.137267690204961,6.305956898638614,116.69104791108647,3.99
RR,2024-04,274.1625,630.0,-13.0,4,120,6.5310988344988345,6.570725,4.8149999999999995,6.155882352941177,6.233852941176471,128.03441379310345,,6.363968666494209,6.323741006297792,4.43806753443751,6.19236794078012,6.350332350344203,116.77536132347363,4.59
RR,2024-05,518.0967741935484,1038.0,135.0,4,124,6.400332167832168,6.430488970588235,4.7975,6.148088235294117,6.2338419117647055,127.8358620689655,,6.3299859486015615,6.321740716897096,4.488248099740668,6.2208028389147065,6.37040451234087,116.89991292190084,4.59
RR,2024-06,710.6125,1120.0,411.0,4,120,6.295902777777778,6.327950367647059,4.806666666666667,6.1866176470588226,6.26734375,127.48241379310345,,6.313981780944571,6.3120841716656075,4.488431768944704,6.244768353834772,6.377012595018437,117.47333878656505,4.59
RR,2024-07,678.133064516129,1120.0,448.0,4,124,6.41498717948718,6.442117647058824,4.811333333333334,6.304,6.3902,130.3576923076923,,6.441519542884144,6.430511258683957,4.652694326733373,6.471229878107438,6.636318403145843,120.00772364529598,4.75
RR,2024-08,592.1532258064516,1060.0,252.0,4,124,6.413420329670329,6.439411764705882,4.8133333333333335,6.478529411764706,6.57234375,131.8076923076923,,6.489240558634817,6.466875287026475,4.79332772849577,6.579623653198653,6.782766920218776,120.31472409777254,4.99
RR,2024-09,468.5208333333333,854.0,151.0,4,120,6.411455377955377,6.43752205882353,4.8100000000000005,6.570705882352941,6.661875,132.64184615384616,,6.457515265677611,6.4227171057248,4.768408351715705,6.541472028990843,6.754571975710908,120.9630432999123,4.99
RR,2024-10,401.83870967741933,744.5,104.0,4,124,6.706045829170829,6.741507352941176,4.922291666666666,6.744411764705882,6.830367647058823,133.46634615384616,,6.57493536637177,6.516772645736071,4.826704759198365,6.618372766502525,6.832296546654242,122.28040957654608,4.99
RR,2024-11,336.09166666666664,643.0,67.5,4,120,6.850961538461538,6.876261904761904,5.055833333333334,6.838823529411765,6.924126838235294,136.06730769230768,,6.549918533660599,6.538593525118612,4.86035097064394,6.672649176545632,6.8636691558763765,123.49145342827349,4.99
RR,2024-12,326.5806451612903,609.5,54.0,4,124,6.944679487179487,6.977676190476191,5.168333333333334,6.8905,6.971466666666667,136.91415384615385,,6.672388799304218,6.606575806661903,4.919080161635807,6.723644914365953,6.916988660534296,123.69528431957274,4.99
RR,2025-01,326.5282258064516,687.0,28.0,4,124,6.947692307692308,6.984666666666668,5.132291666666667,6.8925,6.976,137.05434782608694,,6.650590133071402,6.601370632621297,4.924964161667292,6.697007502374886,6.883382754134766,119.90913470940586,4.99
RR,2025-02,384.45982142857144,825.5,63.5,4,112,7.143146853146853,7.183321428571428,5.18,7.074375,7.182797619047619,136.83695652173913,,6.8830070210587735,6.833018051231025,5.090391115235887,6.857362855295131,7.034985897761595,119.87711506885239,5.24
RR,2025-03,383.7943548387097,757.0,81.5,4,124,7.095166666666667,7.116133333333333,5.178,7.0575,7.160666666666667,136.96442687747034,,6.860038903615811,6.821643998013788,5.126541640580496,6.8289349786184586,7.0115959233513365,121.53577911342374,5.49
RR,2025-04,484.9625,934.0,81.5,4,120,6.889166666666666,6.9035714285714285,5.158154761904762,6.974375,7.077,137.16501976284584,,6.733979132023859,6.725599904023376,5.102830206742699,6.767935189859801,6.945026719416607,121.64522211324731,5.49
RR,2025-05,592.5322580645161,1009.5,243.0,4,124,6.851249999999999,6.867857142857143,5.161011904761905,6.952500000000001,7.0615000000000006,137.0098814229249,,6.643573668802928,6.608264904672824,5.07738056255382,6.722771095014045,6.900962333961987,122.57950346319167,5.49
RR,2025-06,690.1416666666667,1102.0,429.5,4,120,6.849166666666666,6.8659904761904755,5.156428571428572,6.9515,7.0600000000000005,137.63399209486164,,6.56088799557306,6.521483303805039,5.078330797831329,6.7096139321574215,6.87755384077029,121.30458815773027,5.49
RR,2025-07,725.8508064516129,1201.0,413.5,4,124,6.849166666666666,6.864333333333333,5.156473214285715,6.95,7.058714285714286,137.2173913043478,,6.553028559589331,6.514206061250524,5.070618805758678,6.695439880205311,6.891463578939997,123.64868300464288,5.49
RR,2025-08,569.7177419354839,1012.5,289.0,4,124,6.849166666666666,6.8613333333333335,5.156522817460318,6.95,7.055333333333333,138.2826086956522,,6.530328443466202,6.468857183099171,5.039055307422705,6.636570685133185,6.849917610236576,123.18805028415673,4.890000000000001
RR,2025-09,449.5416666666667,841.5,173.5,4,120,6.849166666666666,6.861333333333333,5.156607142857143,6.95,7.054666666666665,138.58379446640316,,6.5028689771592285,6.4683528041683,5.091534731623417,6.672492451181762,6.8679418000002155,121.36520578742375,4.59
RR,2025-10,399.14516129032256,736.0,148.0,4,124,6.849147727272727,6.86275,5.162625,6.950000000000001,7.05425641025641,140.08695652173913,,6.487165985951416,6.444526444242442,5.102605038370465,6.65542863297635,6.840468528583651,122.54010206329836,3.99
RR,2025-11,400.46666666666664,682.5,118.0,3,90,6.849166666666666,6.864166666666667,5.178964285714286,6.950000000000001,7.053846153846154,140.0395256916996,,6.5018023233328925,6.444222928182043,5.123789698364009,6.632575180645982,6.81570663470924,122.07278779495454,3.99
RR,2025-12,419.56451612903226,739.0,107.0,3,93,6.628,6.654166666666667,5.1921904761904765,6.700000000000001,6.8,140.16363636363636,,6.505599624644593,6.464986883695109,5.164536908104061,6.673178774188017,6.8501758242953965,122.15009472319093,3.9900000000000007
RR,2026-01,394.31720430107526,685.0,98.5,3,93,6.771458333333333,6.778958333333334,5.297857142857143,6.863461538461539,6.969230769230769,141.64130434782606,,6.538993660547441,6.51235847532367,5.228248864633077,6.742938630743399,6.921330691910291,123.03765926721337,3.99
RR,2026-02,359.0297619047619,711.0,54.0,3,84,6.829166666666667,6.837083333333333,5.297142857142857,6.948076923076924,7.060384615384615,140.58695652173913,,6.523458679853654,6.5232608212693695,5.282523297783856,6.7157889399123025,6.91792714306148,123.213343547926,3.99
RR,2026-03,330.4516129032258,650.0,26.0,3,93,7.427242424242425,7.460287878787878,5.439047619047619,7.496153846153847,7.594538461538463,141.791341991342,,7.254288975398114,7.30766653209542,5.439997309232224,7.107829737309828,7.27259212743935,123.7463439190445,3.99
RR,2026-04,452.1777777777778,825.0,91.0,3,90,7.7575,7.81275,5.519166666666667,7.82923076923077,7.920961538461539,142.00324675324674,,7.577173834042674,7.665833825458511,5.457495282047608,7.245709580952961,7.417139076327258,125.38176102876594,4.99
RR,2026-08,407.5833333333333,697.0,136.0,3,48,7.234038461538462,7.261496212121212,5.401770833333334,7.568666666666667,7.621333333333332,141.9416525503482,,7.1105572247625535,7.284635514310511,5.068842500083822,7.108921984381726,7.315647025731834,126.8227544228191,4.99
RR,2026-09,370.6794871794872,648.0,97.0,3,39,,,,,,,,,,,,,,
TO,2024-03,149.00465,149.0217,149.0,1,10,5.728677380952381,5.723437957875458,4.057052045177045,5.850607683982684,5.981668528693529,118.49380898262814,,6.39654371293118,6.34915404620825,4.370262152443382,6.137267690204961,6.305956898638614,116.69104791108647,3.99
TO,2024-04,181.81813666666667,222.0114,147.0,1,30,5.773235873015873,5.769163919413919,4.185691188441188,5.981662626262627,6.123063308913309,119.43868438252494,,6.363968666494209,6.323741006297792,4.43806753443751,6.19236794078012,6.350332350344203,116.77536132347363,4.59
TO,2024-05,173.98387096774192,175.0,173.0,1,31,5.765657936507937,5.766801968864469,4.268691933066933,6.019958333333333,6.159775641025641,119.07947676175733,,6.3299859486015615,6.321740716897096,4.488248099740668,6.2208028389147065,6.37040451234087,116.89991292190084,4.59
TO,2024-06,153.07371999999998,234.1042,127.1458,1,30,5.761239974937343,5.7649467418546365,4.272074127626759,5.989301663249032,6.13364324272219,119.42355663410332,,6.313981780944571,6.3120841716656075,4.488431768944704,6.244768353834772,6.377012595018437,117.47333878656505,4.59
TO,2024-07,122.7443,126.6771,119.5938,1,31,5.931947619047619,5.950123214285714,4.437191773504273,6.312452651515152,6.456914224664224,122.21428571428571,,6.441519542884144,6.430511258683957,4.652694326733373,6.471229878107438,6.636318403145843,120.00772364529598,4.75
TO,2024-08,116.81909032258064,119.0312,112.8125,1,31,5.987027529761905,6.001077313311688,4.566027453449329,6.472575509559885,6.627284798534799,124.51785714285714,,6.489240558634817,6.466875287026475,4.79332772849577,6.579623653198653,6.782766920218776,120.31472409777254,4.99
TO,2024-09,110.69901,114.7396,108.0595,1,30,5.953213744588745,5.966388528138529,4.557880888051343,6.444064262757444,6.582375541125541,125.03571428571429,,6.457515265677611,6.4227171057248,4.768408351715705,6.541472028990843,6.754571975710908,120.9630432999123,4.99
TO,2024-10,129.55089677419355,193.9891,106.5,1,31,5.944939285714286,5.96474007936508,4.5333889901764906,6.4362450396825395,6.555599657287158,125.21130952380953,,6.57493536637177,6.516772645736071,4.826704759198365,6.618372766502525,6.832296546654242,122.28040957654608,4.99
TO,2024-11,150.99433,210.0543,130.0208,1,30,5.936051984126984,5.9778919996669995,4.512480311355311,6.419927489177489,6.554636111111111,124.54067460317461,,6.549918533660599,6.538593525118612,4.86035097064394,6.672649176545632,6.8636691558763765,123.49145342827349,4.99
TO,2024-12,170.2904870967742,202.7396,140.3333,1,31,6.006943650793651,6.03446608946609,4.612245268620269,6.429981240981242,6.560958673271173,124.88461538461539,,6.672388799304218,6.606575806661903,4.919080161635807,6.723644914365953,6.916988660534296,123.69528431957274,4.99
TO,2026-08,109.61111111111111,120.0,102.0,3,27,6.585923941798942,6.920290501895765,4.9448968253968255,6.960689412926255,7.188456121364016,134.33519345238096,,7.1105572247625535,7.284635514310511,5.068842500083822,7.108921984381726,7.315647025731834,126.8227544228191,4.99
TO,2026-09,113.01923076923077,163.0,102.0,3,26,,,,,,,,,,,,,,
